{"validation_loss": 2.5156490802764893, "bleu": 21.43403183225744}