{"validation_loss": 2.45609188079834, "bleu": 22.392583413436096}