{"validation_loss": 2.621060371398926, "bleu": 19.745599550912896}