{"validation_loss": 4.547423839569092, "bleu": 8.903649741611513}