{"validation_loss": 2.901865243911743, "bleu": 17.43492393900832}