{"validation_loss": 3.324721097946167, "bleu": 14.17878126476098}