{"validation_loss": 4.07090950012207, "bleu": 10.259317695492692}