{"validation_loss": 3.0070512294769287, "bleu": 15.784834369214394}