{"validation_loss": 3.523085594177246, "bleu": 12.641152200613684}