{"validation_loss": 2.476095676422119, "bleu": 22.70891203989383}