{"validation_loss": 3.149976968765259, "bleu": 14.300137204857007}