{"validation_loss": 2.392383098602295, "bleu": 20.331973590610946}