{"validation_loss": 2.6695051193237305, "bleu": 18.731744147438683}