{"validation_loss": 3.7559967041015625, "bleu": 10.609150222441555}