{"validation_loss": 2.4245798587799072, "bleu": 21.15268987870797}