{"validation_loss": 2.5700719356536865, "bleu": 20.339462443753703}