{"validation_loss": 2.533839225769043, "bleu": 21.220697671254502}