{"validation_loss": 2.436401128768921, "bleu": 22.731939046510853}