{"validation_loss": 2.7350096702575684, "bleu": 19.788635718150918}