{"validation_loss": 2.798532247543335, "bleu": 19.00922248021343}